recording_id,peak_amplitude_mv,peak_time_ns
2026_10_05_122836,-0.134,424890
2026_10_05_122836,-0.1607,577400
2026_10_05_122836,-0.1377,627940
2026_10_05_122836,-0.1474,630600
2026_10_05_122836,0.1399,627230
2026_10_05_122836,-0.1606,578170
2026_10_05_122836,-0.1482,426470
2026_10_05_122836,0.1204,627710
2026_10_05_122836,-0.1602,426740
2026_10_05_122836,-0.1346,426460
2026_10_05_122836,-0.1548,581080
2026_10_05_122836,-0.1284,632550
2026_10_05_122836,0.1355,620750
2026_10_05_122836,-0.1575,624570
2026_10_05_123034,-0.1663,623370
2026_10_05_123034,0.1217,622280
2026_10_05_123034,-0.1396,629590
2026_10_05_123034,-0.1607,624610
2026_10_05_123034,-0.1402,426460
2026_10_05_123034,-0.1413,385750
2026_10_05_123034,0.1187,523550
2026_10_05_123034,0.1461,426350
2026_10_05_123034,-0.1218,422110
