recording_id,timestamp,description,vpp,frequency_hz,duration_s,total_peak_count,channel,voltage_range_v,coupling,sample_interval_ns,window_duration_ms,trigger_enabled,trigger_threshold_mv
2026_09_11_102805,2026-09-11T10:28:05.260,3.5 kV ESI,18.0000,175.0000,30.00,3137,A,0.02,AC,10,5.0,True,0.6
2026_09_11_103020,2026-09-11T10:30:20.850,3.5 kV ESI,13.0000,175.0000,30.00,3268,A,0.02,AC,10,5.0,True,0.6
2026_09_11_103201,2026-09-11T10:32:01.948,3.5 kV ESI,8.0000,175.0000,30.00,3189,A,0.02,AC,10,5.0,True,0.6
2026_09_11_103318,2026-09-11T10:33:18.860,3.5 kV ESI,3.0000,175.0000,30.00,3316,A,0.02,AC,10,5.0,True,0.6
2026_09_11_103430,2026-09-11T10:34:30.428,3.5 kV,3.0000,125.0000,30.00,3314,A,0.02,AC,10,5.0,True,0.6
2026_09_11_103533,2026-09-11T10:35:33.276,3.5 kV,8.0000,125.0000,30.00,3272,A,0.02,AC,10,5.0,True,0.6
2026_09_11_103700,2026-09-11T10:37:00.411,3.5 kV,13.0000,125.0000,30.00,3254,A,0.02,AC,10,5.0,True,0.6
2026_09_11_103834,2026-09-11T10:38:34.515,3.5 kV,18.0000,125.0000,30.00,3307,A,0.02,AC,10,5.0,True,0.6
2026_09_11_104028,2026-09-11T10:40:28.020,3.5 kV,18.0000,100.0000,30.00,3261,A,0.02,AC,10,5.0,True,0.6
2026_09_11_104202,2026-09-11T10:42:02.268,3,0.0000,0.0000,30.00,3153,A,0.02,AC,10,5.0,True,0.6
2026_09_11_104310,2026-09-11T10:43:10.179,3.5 kV,13.0000,100.0000,30.00,3188,A,0.02,AC,10,5.0,True,0.6
2026_09_11_104422,2026-09-11T10:44:22.140,3.5 kV,8.0000,100.0000,30.00,3308,A,0.02,AC,10,5.0,True,0.6
2026_09_11_104601,2026-09-11T10:46:01.315,3.5 kV,3.0000,100.0000,30.00,3088,A,0.02,AC,10,5.0,True,0.6
2026_09_11_104726,2026-09-11T10:47:26.528,3.5 kV,3.0000,75.0000,30.00,3105,A,0.02,AC,10,5.0,True,0.6
2026_09_11_104841,2026-09-11T10:48:41.981,3.5 kV,8.0000,75.0000,30.00,2901,A,0.02,AC,10,5.0,True,0.6
2026_09_11_105430,2026-09-11T10:54:30.043,3.5 kV,13.0000,75.0000,30.00,2695,A,0.02,AC,10,5.0,True,0.6
2026_09_11_105534,2026-09-11T10:55:34.295,3.5 kV,18.0000,75.0000,30.00,2628,A,0.02,AC,10,5.0,True,0.6
2026_09_11_105631,2026-09-11T10:56:31.219,3.5 kV,18.0000,50.0000,30.00,2795,A,0.02,AC,10,5.0,True,0.6
2026_09_11_105729,2026-09-11T10:57:29.715,3.5 kV,13.0000,50.0000,30.00,2787,A,0.02,AC,10,5.0,True,0.6
2026_09_11_105831,2026-09-11T10:58:31.179,3.5 kV,8.0000,50.0000,30.00,2755,A,0.02,AC,10,5.0,True,0.6
2026_09_11_105934,2026-09-11T10:59:34.002,3.5 kV,3.0000,50.0000,30.00,2810,A,0.02,AC,10,5.0,True,0.6
2026_09_17_114234,2026-09-17T11:42:34.602,100 nm,8.0000,175.0000,30.00,123,A,0.02,AC,10,5.0,True,0.35
2026_09_17_151756,2026-09-17T15:17:56.998,60 nm,8.0000,175.0000,60.00,43,A,0.02,AC,10,5.0,True,0.15
2026_09_17_153219,2026-09-17T15:32:19.966,100 nm (didn't see much),8.0000,175.0000,60.00,0,A,0.02,AC,10,5.0,True,0.2
2026_09_17_155629,2026-09-17T15:56:29.597,100 nm (100x Gain),8.0000,175.0000,60.00,1202,A,1.0,AC,10,5.0,True,15.0
2026_10_05_122836,2026-10-05T12:28:36.546,5OCT26,16.0000,125.0000,60.00,14,A,0.002,AC,10,1.0,True,0.1
2026_10_05_123034,2026-10-05T12:30:34.306,05OCT26,14.0000,125.0000,60.00,9,A,0.002,AC,10,1.0,True,0.1
